Date,6857.T,8267.T,5201.T,2802.T,6770.T,6113.T,9202.T,8304.T,2502.T,3407.T
2015-01-05,1360.389404296875,1122.8980712890625,2451.095947265625,2057.6435546875,2128.619384765625,840.4585571289062,2732.71435546875,2824.910400390625,3257.00048828125,935.3690795898438
2015-01-06,1303.9677734375,1098.947509765625,2347.41162109375,2013.0921630859373,2053.1884765625,815.955322265625,2651.544677734375,2824.910400390625,3147.373291015625,905.5939331054688
2015-01-07,1290.533935546875,1100.32958984375,2376.44287109375,2013.5517578125,2083.54443359375,810.2379760742188,2653.348388671875,2869.869140625,3142.95263671875,914.5264892578124
2015-01-08,1328.148193359375,1124.2796630859375,2475.97998046875,2032.382568359375,2169.093994140625,841.2752075195312,2741.7333984375,2862.376220703125,3214.564208984375,921.7576293945312
2015-01-09,1286.055908203125,1115.5286865234375,2455.2431640625,2015.84765625,2116.66064453125,828.2069091796875,2717.38232421875,2884.855712890625,3196.440185546875,924.309814453125
2015-01-13,1236.799072265625,1053.3502197265625,2455.2431640625,2038.353271484375,2200.370361328125,826.5733642578125,2739.929443359375,2922.321044921875,3176.105712890625,939.1973266601562
2015-01-14,1194.7066650390625,1051.9683837890625,2459.390625,2069.58544921875,2151.6162109375,808.6044921875,2735.420166015625,2869.869140625,3167.70751953125,940.8988037109376
2015-01-15,1215.304931640625,1087.8936767578125,2488.421875,2087.49853515625,2158.055419921875,829.023681640625,2784.1220703125,2854.883056640625,3275.124755859375,953.6597900390624
2015-01-16,1195.60205078125,1065.7861328125,2451.095947265625,2049.376220703125,2169.093994140625,842.908935546875,2745.3408203125,2892.3486328125,3192.01953125,932.8170776367188
2015-01-19,1209.9312744140625,1074.5369873046875,2513.306396484375,2110.46240234375,2156.2158203125,846.1759643554688,2710.167236328125,2892.3486328125,3203.513427734375,944.7271118164062
2015-01-20,1219.7828369140625,1118.7525634765625,2529.8955078125,2151.799560546875,2131.37939453125,872.3126220703125,2718.283935546875,2914.828369140625,3259.2109375,957.0626220703124
2015-01-21,1210.826904296875,1139.478759765625,2467.685546875,2134.345947265625,2194.8505859375,859.2442016601562,2746.24267578125,2922.321044921875,3247.718017578125,948.9806518554688
2015-01-22,1217.99169921875,1150.5328369140625,2480.12744140625,2177.060546875,2144.25732421875,862.5114135742188,2735.420166015625,2952.29345703125,3294.57421875,948.5553588867188
2015-01-23,1231.425537109375,1148.6905517578125,2529.8955078125,2170.1708984375,2173.693603515625,874.7630004882812,2774.201171875,3004.746337890625,3341.873779296875,977.0546875
2015-01-26,1221.573974609375,1145.927001953125,2517.45361328125,2197.269775390625,2199.450439453125,855.9771728515625,2788.631591796875,3034.71826171875,3354.693359375,976.2037353515624
2015-01-27,1235.9033203125,1151.9144287109375,2550.632568359375,2270.757080078125,2226.126953125,883.7474365234375,2838.235107421875,3162.1015625,3432.935302734375,988.1138916015624
2015-01-28,1222.4696044921875,1155.138671875,2583.81201171875,2291.88427734375,2205.8896484375,891.9151611328125,2932.031005859375,3192.073974609375,3442.218017578125,992.367431640625
2015-01-29,1238.59033203125,1156.98095703125,2563.07470703125,2288.2099609375,2158.97509765625,877.2133178710938,2958.18603515625,3192.073974609375,3428.072998046875,983.0097045898438
2015-01-30,1354.1199951171875,1150.993408203125,2612.84326171875,2239.98388671875,2278.560791015625,882.11376953125,2941.9521484375,3222.046630859375,3438.240234375,997.0465698242188
2015-02-02,1300.38525390625,1146.3878173828125,2592.1064453125,2131.131103515625,2302.477783203125,878.0300903320312,2892.34814453125,3214.552734375,3422.767822265625,1016.613037109375
2015-02-03,1302.1766357421875,1145.927001953125,2571.36962890625,2062.69580078125,2228.886474609375,886.19775390625,2845.4501953125,3094.663330078125,3371.932861328125,984.2858276367188
2015-02-04,1347.85107421875,1176.7861328125,2629.4326171875,2082.90478515625,2210.489013671875,892.7319946289062,2872.506591796875,3042.21142578125,3325.517822265625,992.367431640625
2015-02-05,1327.252685546875,1186.4580078125,2621.13818359375,2049.8359375,2267.52197265625,877.2133178710938,2846.35205078125,3034.71826171875,3297.668701171875,965.1444702148438
2015-02-06,1353.224609375,1177.24658203125,2641.874755859375,2009.8770751953125,2242.6845703125,885.3807983398438,2863.48779296875,3027.22509765625,3291.0380859375,986.837890625
2015-02-09,1366.6583251953125,1181.852294921875,2882.421875,2039.271728515625,2206.8095703125,893.5487060546875,2825.608642578125,3057.197509765625,3252.1376953125,995.7705688476562
2015-02-10,1356.806884765625,1175.404052734375,2923.89599609375,2028.24853515625,2218.767822265625,898.4494018554688,2833.7255859375,3079.676513671875,3267.167724609375,1001.3002319335938
2015-02-12,1372.031982421875,1197.5123291015625,2948.77978515625,2075.0966796875,2218.767822265625,854.3436889648438,2876.114501953125,3079.676513671875,3348.946533203125,1011.9342041015624
2015-02-13,1368.4495849609375,1204.4208984375,2928.043212890625,2059.480712890625,2189.331787109375,855.1604614257812,2831.020263671875,3072.18408203125,3285.291748046875,995.7705688476562
2015-02-16,1380.9876708984375,1239.4251708984375,2948.77978515625,2008.9586181640625,2098.262451171875,851.0765380859375,2820.197021484375,3139.62158203125,3218.100341796875,997.897216796875
2015-02-17,1377.4053955078125,1237.1221923828125,2948.77978515625,2031.4639892578125,2151.6162109375,850.2598266601562,2837.333251953125,3139.62158203125,3200.419189453125,982.1588745117188
2015-02-18,1406.0640869140625,1233.8980712890625,2986.1064453125,2075.55615234375,2220.607421875,855.1604614257812,2881.525634765625,3199.567138671875,3287.501708984375,985.561767578125
2015-02-19,1357.7025146484375,1227.4501953125,2977.81201171875,2094.38720703125,2296.95849609375,862.5114135742188,2907.68017578125,3222.046630859375,3358.229736328125,1017.8892822265624
2015-02-20,1354.1199951171875,1197.5123291015625,2977.81201171875,2064.07373046875,2413.7841796875,881.297119140625,2886.936767578125,3222.046630859375,3314.908935546875,1025.5455322265625
2015-02-23,1379.1962890625,1198.8939208984375,3027.579833984375,2063.6142578125,2467.137451171875,903.3499755859376,2925.7177734375,3244.52587890625,3293.24853515625,1046.388427734375
2015-02-24,1408.7509765625,1200.7362060546875,3160.2958984375,2053.05078125,2439.541259765625,904.1666870117188,2931.12939453125,3244.52587890625,3290.154296875,1035.3289794921875
2015-02-25,1408.7509765625,1185.525390625,3077.348388671875,2022.2779541015625,2416.5439453125,910.700927734375,2901.366943359375,3222.046630859375,3288.385986328125,1025.5455322265625
2015-02-26,1423.9757080078125,1178.611572265625,3102.232666015625,2088.8759765625,2435.861328125,913.1513061523438,2917.60107421875,3207.06005859375,3302.973388671875,1033.202392578125
2015-02-27,1417.70654296875,1179.5330810546875,3127.1171875,2110.00341796875,2474.49658203125,923.7692260742188,2929.325439453125,3229.539794921875,3268.0517578125,1051.4925537109375
2015-03-02,1425.7669677734375,1168.470947265625,3135.411376953125,2088.41650390625,2491.054443359375,936.0208129882812,2932.93310546875,3214.552734375,3272.0302734375,1042.5604248046875
2015-03-03,1407.8551025390625,1174.4630126953125,3172.73828125,2133.427490234375,2614.31982421875,924.5860595703124,2947.36328125,3222.046630859375,3359.555419921875,1039.1571044921875
2015-03-04,1388.15234375,1158.7911376953125,3143.706298828125,2129.7529296875,2577.52392578125,916.4183349609376,2932.031005859375,3192.073974609375,3306.509765625,1031.9261474609375
2015-03-05,1380.09228515625,1171.697265625,3152.001220703125,2181.1943359375,2595.922119140625,915.6016235351562,2937.442626953125,3184.580322265625,3310.93017578125,1038.732177734375
2015-03-06,1425.7669677734375,1179.0723876953125,3176.88525390625,2340.569580078125,2589.482421875,918.0518798828124,2958.18603515625,3311.963623046875,3319.329345703125,1059.1492919921875
2015-03-09,1390.8389892578125,1165.7052001953125,3156.14794921875,2320.81982421875,2584.88330078125,903.3499755859376,2942.853759765625,3454.333251953125,3318.88720703125,1050.641845703125
2015-03-10,1379.1962890625,1171.236572265625,3131.264404296875,2299.233154296875,2630.87744140625,908.2505493164062,2952.774658203125,3341.9365234375,3332.1484375,1050.641845703125
2015-03-11,1380.9876708984375,1168.0098876953125,3081.49560546875,2361.23779296875,2603.28125,912.3343505859376,2946.46142578125,3349.428955078125,3283.08154296875,1041.7093505859375
2015-03-12,1381.88330078125,1196.587890625,3164.443603515625,2425.99853515625,2612.47998046875,909.0675048828124,2989.751708984375,3349.428955078125,3242.85546875,1052.3436279296875
2015-03-13,1421.2886962890625,1188.7520751953125,3176.88525390625,2416.35302734375,2592.241943359375,924.5860595703124,2983.438720703125,3364.416015625,3277.335205078125,1058.2984619140625
2015-03-16,1394.4215087890625,1159.712890625,3197.6220703125,2427.835693359375,2594.081787109375,947.4556884765624,3036.649658203125,3401.8818359375,3310.93017578125,1042.134765625
2015-03-17,1415.915283203125,1156.9473876953125,3226.654052734375,2452.637939453125,2692.51025390625,945.00537109375,3042.061279296875,3371.90869140625,3331.70654296875,1042.134765625
2015-03-18,1401.5859375,1168.9317626953125,3205.9169921875,2458.1494140625,2865.448974609375,956.4401245117188,3048.374267578125,3341.9365234375,3352.482666015625,1048.51513671875
2015-03-19,1390.8389892578125,1172.6192626953125,3214.211669921875,2415.89404296875,2773.460205078125,975.2260131835938,3043.86474609375,3326.95068359375,3301.646728515625,1066.38037109375
2015-03-20,1405.16845703125,1176.7677001953125,3234.948486328125,2455.852783203125,2751.382568359375,977.6762084960938,3044.76708984375,3319.457275390625,3356.461181640625,1044.6868896484375
2015-03-23,1428.4534912109375,1235.30615234375,3222.50634765625,2467.794677734375,2778.0595703125,972.775634765625,3079.940673828125,3334.443359375,3353.3671875,1052.3436279296875
2015-03-24,1439.2005615234375,1236.6893310546875,3247.390625,2463.6611328125,2713.66748046875,955.6234741210938,3060.09912109375,3326.95068359375,3381.2158203125,1028.0977783203125
2015-03-25,1491.144287109375,1245.447021484375,3301.306396484375,2508.671875,2778.0595703125,952.356201171875,3070.019775390625,3349.428955078125,3428.5146484375,1031.0751953125
2015-03-26,1436.513916015625,1232.0799560546875,3293.01171875,2482.951416015625,2662.1533203125,944.1885375976562,3007.78955078125,3304.470458984375,3455.03759765625,1000.8746948242188
2015-03-27,1371.62744140625,1228.3924560546875,3280.569580078125,2491.26171875,2676.92333984375,945.8407592773438,2953.93212890625,3311.2900390625,3464.7626953125,995.726806640625
2015-03-30,1361.714111328125,1227.9315185546875,3234.948486328125,2547.58740234375,2666.768798828125,954.1013793945312,2995.009765625,3349.17724609375,3429.39892578125,1004.3069458007812
2015-03-31,1368.923828125,1215.947021484375,3268.12744140625,2432.627685546875,2679.69189453125,955.7533569335938,2937.50146484375,3227.93994140625,3371.490478515625,985.8594360351562
2015-04-01,1340.085205078125,1227.470458984375,3205.9169921875,2381.3798828125,2617.845458984375,935.9277954101562,2959.409423828125,3190.05322265625,3392.70849609375,967.4122314453124
2015-04-02,1335.5792236328125,1245.907958984375,3243.243408203125,2444.63134765625,2702.768798828125,946.666748046875,2952.106689453125,3197.631103515625,3465.20458984375,984.1434936523438
2015-04-03,1336.4803466796875,1258.3531494140625,3243.243408203125,2524.04150390625,2758.153564453125,964.8399658203124,2983.14306640625,3197.631103515625,3449.291259765625,994.4397583007812
2015-04-06,1326.5673828125,1256.50927734375,3226.654052734375,2541.5849609375,2742.461181640625,973.1007690429688,2986.79443359375,3182.475830078125,3491.7275390625,981.5692749023438
2015-04-07,1340.085205078125,1250.5174560546875,3230.80126953125,2534.198974609375,2750.76904296875,982.1874389648438,2994.09716796875,3205.20751953125,3493.0537109375,983.2855224609376
2015-04-08,1344.59130859375,1312.7435302734375,3342.78076171875,2563.28515625,2727.6923828125,992.10009765625,3053.431640625,3227.93994140625,3591.187744140625,1005.1647338867188
2015-04-09,1345.492431640625,1330.7200927734375,3342.78076171875,2595.141357421875,2730.46142578125,984.665771484375,3048.866943359375,3288.55859375,3668.988525390625,1003.0199584960938
2015-04-10,1350.899658203125,1404.008544921875,3284.716796875,2568.825439453125,2852.30712890625,984.665771484375,3028.78466796875,3318.867919921875,3657.05224609375,992.2948608398438
2015-04-13,1386.046630859375,1434.430419921875,3268.12744140625,2511.575927734375,2930.76904296875,994.5782470703124,3009.615234375,3273.404296875,3638.04541015625,984.1434936523438
2015-04-14,1383.3431396484375,1465.31298828125,3342.78076171875,2534.659912109375,2944.614990234375,982.1874389648438,3020.5693359375,3273.404296875,3608.42822265625,981.5692749023438
2015-04-15,1365.31884765625,1465.31298828125,3330.338134765625,2485.259765625,2916.92236328125,978.05712890625,3073.513427734375,3303.712890625,3603.123046875,972.1311645507812
2015-04-16,1355.4056396484375,1433.0477294921875,3380.1064453125,2426.163818359375,2847.692138671875,992.10009765625,3055.257080078125,3417.373291015625,3573.948486328125,966.1251220703124
2015-04-17,1302.23486328125,1395.2509765625,3363.516845703125,2347.21533203125,2675.076416015625,959.8837890625,3046.128662109375,3394.6416015625,3577.042724609375,951.538818359375
2015-04-20,1304.0372314453125,1404.008544921875,3351.0751953125,2427.548828125,2701.84619140625,958.231689453125,3047.954345703125,3440.105224609375,3561.57080078125,946.81982421875
2015-04-21,1336.4803466796875,1430.7427978515625,3355.222412109375,2510.652587890625,2753.5380859375,981.361328125,3073.513427734375,3455.259521484375,3583.230712890625,962.693115234375
2015-04-22,1368.0224609375,1429.821044921875,3380.1064453125,2511.575927734375,2740.61474609375,998.7086791992188,3112.765625,3440.105224609375,3596.49267578125,972.9893188476562
2015-04-23,1391.4537353515625,1412.7666015625,3384.254150390625,2500.49560546875,2755.38427734375,1017.7080078125,3119.155517578125,3462.83642578125,3582.346923828125,972.5604248046876
2015-04-24,1361.714111328125,1397.5556640625,3351.0751953125,2503.727294921875,2757.23046875,1006.9694213867188,3098.16015625,3447.683349609375,3561.129150390625,990.5785522460938
2015-04-27,1336.4803466796875,1414.1492919921875,3371.81201171875,2516.19287109375,2725.845703125,1002.8391723632812,3087.2060546875,3447.683349609375,3508.0830078125,986.2884521484376
2015-04-28,1288.716796875,1420.602294921875,3400.84375,2538.8154296875,2749.845947265625,1030.9249267578125,3092.683349609375,3409.79541015625,3489.959228515625,998.729736328125
2015-04-30,1277.001220703125,1374.5087890625,3342.78076171875,2457.0966796875,2757.23046875,1002.8391723632812,3028.78466796875,3394.6416015625,3408.62255859375,971.273193359375
2015-05-01,1247.2615966796875,1380.9619140625,3309.601318359375,2446.01611328125,2778.46142578125,980.5350341796876,3035.174560546875,3364.331298828125,3434.70361328125,964.8381958007812
2015-05-07,1231.9412841796875,1397.5556640625,3272.27490234375,2433.0888671875,2669.5380859375,1007.7952270507812,2926.547119140625,3349.17724609375,3426.304443359375,959.2610473632812
2015-05-08,1266.1868896484375,1380.0401611328125,3272.27490234375,2428.47216796875,2709.230224609375,998.7086791992188,2991.358642578125,3402.218505859375,3459.016357421875,969.1282958984376
2015-05-11,1290.5194091796875,1406.7742919921875,3272.27490234375,2408.15771484375,2744.307373046875,995.4046020507812,2990.445556640625,3409.79541015625,3470.95068359375,980.7116088867188
2015-05-12,1286.013427734375,1394.7899169921875,3288.864501953125,2432.166259765625,2815.384033203125,1006.1431274414062,3033.348876953125,3440.105224609375,3474.04541015625,961.406005859375
2015-05-13,1303.135986328125,1392.485107421875,3214.211669921875,2428.47216796875,2819.99951171875,1045.7943115234375,3005.9638671875,3409.79541015625,3476.255859375,960.5479736328124
2015-05-14,1279.7047119140625,1374.0478515625,3205.9169921875,2342.5986328125,2806.15380859375,1040.837890625,2975.84033203125,3349.17724609375,3439.1240234375,935.6654663085938
2015-05-15,1272.4952392578125,1385.5711669921875,3239.095947265625,2382.303466796875,2856.9228515625,1048.2723388671875,3008.702392578125,3394.6416015625,3575.71630859375,951.538818359375
2015-05-18,1286.013427734375,1419.680419921875,3276.421875,2396.6162109375,2847.692138671875,1063.141357421875,3009.615234375,3553.764892578125,3556.2666015625,963.1220092773438
2015-05-19,1284.2109375,1440.883544921875,3297.158935546875,2404.926025390625,2889.23046875,1059.8372802734375,3032.43603515625,3599.22900390625,3578.368408203125,956.6869506835938
2015-05-20,1275.198974609375,1439.500732421875,3293.01171875,2391.9990234375,2893.84619140625,1059.8372802734375,3051.605712890625,3644.69287109375,3615.500244140625,956.2579956054688
2015-05-21,1263.4832763671875,1474.53173828125,3297.158935546875,2378.610107421875,2884.614990234375,1049.924560546875,3014.179443359375,3652.26904296875,3633.182373046875,950.680908203125
2015-05-22,1271.5941162109375,1498.0394287109375,3371.81201171875,2327.823974609375,2949.23046875,1051.5765380859375,3000.487060546875,3667.4248046875,3630.97216796875,948.96484375
2015-05-25,1277.001220703125,1543.672119140625,3384.254150390625,2350.9091796875,2990.7685546875,1044.96826171875,3002.312744140625,3697.7333984375,3558.9189453125,952.3968505859376
2015-05-26,1294.1240234375,1550.5860595703125,3384.254150390625,2376.301025390625,2986.153564453125,1061.4891357421875,3031.5234375,3652.26904296875,3540.794677734375,941.2427368164062
2015-05-27,1291.4205322265625,1535.836181640625,3388.401611328125,2367.52978515625,3027.692138671875,1048.2723388671875,3056.169677734375,3606.806884765625,3547.8671875,952.3968505859376
2015-05-28,1309.444580078125,1524.773681640625,3384.254150390625,2376.301025390625,2986.153564453125,1049.0985107421875,3087.2060546875,3652.26904296875,3578.368408203125,949.8229370117188
2015-05-29,1338.282958984375,1531.22705078125,3367.664306640625,2371.6845703125,2944.614990234375,1050.7506103515625,3124.63232421875,3629.53759765625,3520.018798828125,947.6779174804688
2015-06-01,1313.9503173828125,1528.9222412109375,3351.0751953125,2369.837890625,2953.84619140625,1057.3590087890625,3106.375732421875,3667.4248046875,3530.185546875,969.1282958984376
2015-06-02,1283.3096923828125,1527.0782470703125,3330.338134765625,2391.075927734375,3027.692138671875,1058.1851806640625,3021.48193359375,3614.383544921875,3513.387451171875,963.5511474609376
2015-06-03,1272.4952392578125,1512.3284912109375,3334.4853515625,2349.06201171875,3036.922607421875,1087.097412109375,2995.9228515625,3614.383544921875,3471.835205078125,953.2548217773438
2015-06-04,1258.9774169921875,1516.9378662109375,3334.4853515625,2324.592529296875,3046.154052734375,1089.5753173828125,2983.14306640625,3614.383544921875,3448.4072265625,944.245849609375
2015-06-05,1268.890380859375,1528.0001220703125,3342.78076171875,2335.67333984375,3069.230224609375,1090.4014892578125,3073.513427734375,3591.651611328125,3527.09130859375,921.9374389648438
2015-06-08,1265.28564453125,1519.7034912109375,3305.453857421875,2326.901123046875,3064.614990234375,1095.3580322265625,3037.9130859375,3621.96044921875,3508.0830078125,918.9345092773438
2015-06-09,1219.324462890625,1497.117431640625,3234.948486328125,2298.738037109375,3018.461181640625,1069.75,2974.0146484375,3568.919921875,3532.838134765625,906.0640869140624
2015-06-10,1200.3992919921875,1450.1021728515625,3218.35888671875,2303.81689453125,2981.538330078125,1070.5760498046875,2930.19873046875,3568.919921875,3585.44091796875,894.909912109375
2015-06-11,1227.4351806640625,1496.195556640625,3214.211669921875,2377.225341796875,3092.30712890625,1078.0107421875,2970.36328125,3561.341796875,3660.147216796875,905.2059936523438
2015-06-12,1207.60888671875,1500.8050537109375,3226.654052734375,2352.293701171875,3170.7685546875,1082.1407470703125,2938.4140625,3531.03271484375,3644.233642578125,887.187744140625
2015-06-15,1198.5966796875,1519.7034912109375,3193.474853515625,2342.136474609375,3161.538330078125,1088.74951171875,2967.624755859375,3500.722900390625,3657.495361328125,877.7496337890625
2015-06-16,1186.8809814453125,1505.414306640625,3185.179931640625,2412.313232421875,3170.7685546875,1085.4451904296875,2952.106689453125,3470.41455078125,3645.5595703125,868.3114624023438
2015-06-17,1171.560791015625,1513.25048828125,3114.674560546875,2423.3935546875,3170.7685546875,1073.88037109375,2924.721435546875,3462.83642578125,3626.55224609375,857.929443359375
2015-06-18,1145.426025390625,1500.8050537109375,3064.90625,2399.38623046875,3263.07666015625,1064.79345703125,2857.171875,3432.52783203125,3570.411865234375,846.0888671875
2015-06-19,1140.018798828125,1493.4300537109375,3114.674560546875,2452.94140625,3286.153564453125,1065.6197509765625,2872.690185546875,3508.30126953125,3550.961181640625,861.4473266601562
2015-06-22,1146.3271484375,1524.3126220703125,3069.053955078125,2442.322998046875,3318.461181640625,1069.75,2934.762939453125,3538.610595703125,3566.433349609375,876.0335083007812
2015-06-23,1188.68359375,1546.8988037109375,3073.201416015625,2465.407470703125,3447.692138671875,1083.79296875,3010.528076171875,3584.07421875,3620.804931640625,877.3206176757812
2015-06-24,1168.8572998046875,1547.8204345703125,3176.88525390625,2512.03759765625,3530.76904296875,1099.4881591796875,3028.78466796875,3606.806884765625,3647.769775390625,893.19384765625
2015-06-25,1198.5966796875,1533.9925537109375,3193.474853515625,2487.56787109375,3613.845703125,1108.5748291015625,3009.615234375,3576.4970703125,3610.63818359375,873.8885498046875
2015-06-26,1176.968017578125,1525.6956787109375,3193.474365234375,2507.882568359375,3586.153564453125,1118.487548828125,3005.051025390625,3584.138916015625,3557.27880859375,893.19384765625
2015-06-29,1124.6983642578125,1500.3441162109375,3071.778564453125,2441.861328125,3466.153076171875,1076.358154296875,2947.54248046875,3484.79150390625,3466.123779296875,869.16943359375
2015-06-30,1148.129638671875,1601.7498779296875,3084.367919921875,2448.32470703125,3484.615234375,1068.923828125,3031.5234375,3530.643798828125,3461.677001953125,862.7342529296875
2015-07-01,1139.11767578125,1628.0230712890625,3126.331787109375,2455.71142578125,3544.614990234375,1073.88037109375,3021.48193359375,3599.423583984375,3394.978515625,860.1603393554688
2015-07-02,1135.5128173828125,1617.8826904296875,3113.74267578125,2419.23828125,3544.614990234375,1078.0107421875,3110.940185546875,3607.06494140625,3381.637939453125,858.873291015625
2015-07-03,1151.7344970703125,1614.6561279296875,3063.3857421875,2421.547119140625,3586.153564453125,1084.619140625,3113.67822265625,3637.634521484375,3373.190185546875,858.4442749023438
2015-07-06,1127.40185546875,1617.421630859375,2983.653564453125,2371.22265625,3438.461669921875,1053.228759765625,3092.683349609375,3591.78076171875,3304.712646484375,834.5914306640625
2015-07-07,1154.43798828125,1635.8590087890625,2945.88623046875,2445.554443359375,3452.306884765625,1062.3154296875,3188.53076171875,3614.707275390625,3336.283203125,843.0858154296875
2015-07-08,1109.378173828125,1599.4453125,2887.136474609375,2402.617431640625,3299.999755859375,1011.0996704101562,3114.591064453125,3530.643798828125,3317.60693359375,807.4782104492188
2015-07-09,1103.9708251953125,1647.843505859375,2857.761474609375,2397.077392578125,3327.69189453125,1006.9694213867188,3086.29345703125,3500.076416015625,3254.02099609375,802.5016479492188
2015-07-10,1109.378173828125,1616.0389404296875,2882.939697265625,2449.709716796875,3184.615234375,1007.7952270507812,3102.724365234375,3538.287109375,3321.164306640625,790.5753173828125
2015-07-13,1110.2789306640625,1657.98388671875,2908.1181640625,2555.898193359375,3290.769287109375,1026.794677734375,3230.521484375,3538.287109375,3469.680908203125,801.0430908203125
2015-07-14,1145.426025390625,1667.6634521484375,2937.493408203125,2558.667724609375,3406.1533203125,1044.96826171875,3252.42919921875,3568.85498046875,3469.680908203125,809.9663696289062
2015-07-15,1161.6473388671875,1660.74951171875,3013.029052734375,2572.980224609375,3387.692138671875,1044.96826171875,3297.157958984375,3637.634521484375,3502.5859375,819.404541015625
2015-07-16,1134.6116943359375,1693.0152587890625,3025.61767578125,2604.375244140625,3609.230712890625,1047.4461669921875,3324.543212890625,3652.91748046875,3532.377197265625,837.0796508789062
2015-07-17,1116.58740234375,1694.8587646484375,3000.439208984375,2683.78515625,3623.07666015625,1042.489990234375,3335.4970703125,3652.91748046875,3551.498291015625,829.443359375
2015-07-21,1121.9947509765625,1725.2806396484375,2987.850341796875,2692.556884765625,3720.0,1051.5765380859375,3389.3544921875,3691.12841796875,3571.508056640625,829.6150512695312
2015-07-22,1091.35400390625,1712.8350830078125,3130.5283203125,2649.620361328125,3669.230224609375,1055.706787109375,3395.744140625,3668.20166015625,3571.508056640625,803.102294921875
2015-07-23,1081.4407958984375,1712.8350830078125,3080.17138671875,2699.944091796875,3706.15380859375,1047.4461669921875,3475.160888671875,3637.634521484375,3613.750732421875,809.708984375
2015-07-24,1071.527587890625,1692.0928955078125,2962.671875,2676.859375,3715.384521484375,1016.882080078125,3440.472900390625,3591.78076171875,3593.29638671875,804.47509765625
2015-07-27,1037.281982421875,1682.4136962890625,2912.31494140625,2622.380615234375,3623.07666015625,1002.0126953125,3404.87255859375,3568.85498046875,3607.525390625,799.9276733398438
2015-07-28,1038.1832275390625,1687.4837646484375,2916.510986328125,2673.627685546875,3632.30712890625,998.7086791992188,3424.955078125,3530.643798828125,3624.422607421875,804.3892211914062
2015-07-29,957.0751953125,1740.0303955078125,2941.689453125,2700.8671875,3595.38427734375,978.8832397460938,3404.87255859375,3561.212890625,3695.12353515625,806.791748046875
2015-07-30,962.4824829101562,1756.1632080078125,2975.2607421875,2668.549560546875,3493.84619140625,984.665771484375,3475.160888671875,3607.06494140625,3689.78759765625,816.2299194335938
2015-07-31,977.802734375,1748.3272705078125,3050.796630859375,2633.461181640625,3613.845703125,1003.6649780273438,3605.6962890625,3637.634521484375,3696.90234375,808.4220581054688
2015-08-03,957.0751953125,1786.5848388671875,3189.2783203125,2616.379150390625,3664.61474609375,983.8395385742188,3581.962646484375,3614.707275390625,3735.142578125,822.7507934570312
2015-08-04,934.5450439453124,1843.7408447265625,3197.671142578125,2630.690673828125,3530.76904296875,968.1444091796876,3672.333251953125,3614.707275390625,3750.705810546875,833.0469970703125
2015-08-05,960.679931640625,1801.3348388671875,3218.6533203125,2653.775634765625,3424.615234375,976.4049072265624,3690.589599609375,3576.497314453125,3774.2734375,867.0243530273438
2015-08-06,968.7904663085938,1756.1632080078125,3294.18896484375,2615.455078125,3479.99951171875,1011.9257202148438,3633.081298828125,3538.287109375,3747.148681640625,870.4564819335938
2015-08-07,967.8894653320312,1741.413330078125,3294.18896484375,2572.5185546875,3558.4609375,1029.2730712890625,3568.27001953125,3591.78076171875,3831.18896484375,868.7404174804688
2015-08-10,966.0870971679688,1772.7569580078125,3315.170654296875,2619.61083984375,3558.4609375,1010.2736206054688,3620.301513671875,3584.138916015625,3895.665283203125,860.5892944335938
2015-08-11,985.01220703125,1751.553955078125,3340.34912109375,2572.056640625,3581.5380859375,1021.83837890625,3571.008544921875,3568.85498046875,3870.763916015625,867.8824462890625
2015-08-12,952.5689697265624,1730.8118896484375,3323.563720703125,2499.110107421875,3456.922607421875,1002.8391723632812,3553.66455078125,3568.85498046875,3863.6494140625,864.4503784179688
2015-08-13,962.4824829101562,1761.6944580078125,3373.9208984375,2536.045166015625,3493.84619140625,1016.882080078125,3560.054443359375,3538.287109375,3883.214599609375,891.477783203125
2015-08-14,965.185791015625,1761.6944580078125,3474.635009765625,2540.662353515625,3461.538330078125,977.2310180664062,3584.70068359375,3530.643798828125,3861.87109375,887.187744140625
2015-08-17,972.3954467773438,1788.4285888671875,3529.1884765625,2557.28271484375,3484.615234375,983.8395385742188,3578.31103515625,3515.359619140625,3876.10009765625,893.622802734375
2015-08-18,967.8894653320312,1751.553955078125,3420.081298828125,2546.6640625,3650.76904296875,987.1438598632812,3536.32080078125,3515.359619140625,3801.841796875,894.909912109375
2015-08-19,917.4222412109376,1706.3822021484375,3445.259765625,2506.959228515625,3521.538330078125,963.1878662109376,3460.5556640625,3492.433349609375,3732.030029296875,882.897705078125
2015-08-20,903.0029907226562,1697.1634521484375,3394.903076171875,2482.027587890625,3535.384765625,944.188720703125,3450.51416015625,3446.58154296875,3702.238525390625,889.7618408203125
2015-08-21,885.8802490234375,1684.7183837890625,3281.599609375,2420.62353515625,3286.153564453125,917.7546997070312,3352.841064453125,3385.4453125,3588.4052734375,856.2134399414062
2015-08-24,861.5478515625,1675.03857421875,3084.367919921875,2330.13330078125,3046.154052734375,879.7556762695312,3153.84326171875,3163.82421875,3435.44189453125,817.087890625
2015-08-25,836.3141479492188,1581.0078125,2966.8681640625,2258.109619140625,3078.46142578125,845.0612182617188,3120.068359375,3125.614013671875,3268.25,781.6519165039062
2015-08-26,879.5718383789062,1636.3199462890625,3050.796630859375,2279.347412109375,3309.23046875,866.5387573242188,3216.828857421875,3247.88720703125,3299.3759765625,801.1288452148438
2015-08-27,911.11376953125,1676.740234375,2975.2607421875,2373.993408203125,3355.38427734375,859.104248046875,3277.07568359375,3293.739990234375,3435.88671875,806.791748046875
2015-08-28,920.1258544921876,1713.4434814453125,3092.760986328125,2439.552734375,3572.30712890625,888.842529296875,3239.649658203125,3416.0126953125,3488.3564453125,844.0296630859375
2015-08-31,878.6705932617188,1692.0718994140625,3025.61767578125,2466.7919921875,3512.307373046875,878.1036376953125,3248.77783203125,3393.08642578125,3559.501953125,830.9020385742188
2015-09-01,835.4129638671875,1620.98828125,2950.082275390625,2355.06396484375,3396.9228515625,855.800048828125,3103.637451171875,3324.307861328125,3463.900390625,786.027587890625
2015-09-02,832.7094116210938,1575.9219970703125,2937.493408203125,2365.682861328125,3378.4609375,840.1047973632812,3110.940185546875,3270.8134765625,3382.082763671875,772.0420532226562
2015-09-03,832.7094116210938,1597.2935791015625,2983.653564453125,2398.000732421875,3479.99951171875,859.104248046875,3088.118896484375,3247.88720703125,3385.195556640625,765.9501342773438
2015-09-04,819.19140625,1570.3468017578125,2908.1181640625,2348.138671875,3355.38427734375,844.2349853515625,3028.78466796875,3171.46630859375,3282.923583984375,749.9053344726562
2015-09-07,835.4129638671875,1584.284912109375,2887.136474609375,2339.828369140625,3341.5380859375,852.4957275390625,3075.339111328125,3140.897705078125,3236.234375,754.0237426757812
2015-09-08,843.5237426757812,1503.444580078125,2861.9580078125,2219.789794921875,3216.923095703125,851.669677734375,3014.179443359375,3140.897705078125,3133.962890625,743.8133544921875
2015-09-09,888.5838012695312,1623.775634765625,3134.72509765625,2355.06396484375,3433.845703125,882.23388671875,3176.66357421875,3278.455078125,3302.044189453125,804.1318969726562
2015-09-10,844.4249877929688,1604.2625732421875,3092.760986328125,2266.42041015625,3323.07666015625,855.800048828125,3145.62744140625,3278.455078125,3218.003662109375,784.912353515625
2015-09-11,838.1165161132812,1650.72265625,3122.135498046875,2267.804931640625,3267.69189453125,848.3654174804688,3162.971435546875,3301.3818359375,3173.98193359375,786.1134643554688
2015-09-14,828.203369140625,1652.1163330078125,3143.117919921875,2246.105712890625,3295.384521484375,842.5830078125,3118.242431640625,3278.455078125,3170.42431640625,788.5160522460938
2015-09-15,829.1046142578125,1666.9833984375,3143.117919921875,2273.345458984375,3304.614990234375,845.0612182617188,3091.7705078125,3331.949951171875,3202.4404296875,791.1758422851562
2015-09-16,848.9310302734375,1643.75341796875,3214.456787109375,2253.03125,3323.07666015625,850.0175170898438,3144.715087890625,3331.949951171875,3355.84814453125,786.9716186523438
2015-09-17,871.4609985351562,1654.439453125,3248.028076171875,2300.584716796875,3461.538330078125,866.5387573242188,3189.44384765625,3316.665771484375,3460.787353515625,791.6906127929688
2015-09-18,844.4249877929688,1597.2935791015625,3151.510498046875,2238.718994140625,3406.1533203125,840.9308471679688,3144.715087890625,3331.949951171875,3386.0849609375,774.7877197265625
2015-09-24,803.8710327148438,1641.4305419921875,3034.0107421875,2239.1806640625,3276.922607421875,769.0634765625,3119.155517578125,3316.665771484375,3339.3955078125,756.3403930664062
2015-09-25,818.2901611328125,1660.94384765625,3084.367919921875,2365.22119140625,3226.15380859375,774.8458251953125,3145.62744140625,3354.876708984375,3458.564697265625,749.4763793945312
2015-09-28,800.9765625,1708.3330078125,3046.60009765625,2331.34619140625,3133.5810546875,783.2498779296875,3172.099853515625,3331.7392578125,3449.67138671875,745.2233276367188
2015-09-29,772.728271484375,1669.306396484375,2887.136474609375,2245.498291015625,2990.09375,744.5916748046875,3039.73876953125,3162.067626953125,3348.288818359375,716.0602416992188
2015-09-30,780.0181884765625,1723.6646728515625,2924.904052734375,2334.13037109375,3105.809326171875,763.0804443359375,3052.5185546875,3192.91748046875,3441.66748046875,729.079345703125
2015-10-01,786.3968505859375,1782.6688232421875,3000.439208984375,2353.620361328125,3156.724365234375,777.3671875,3074.4267578125,3169.779541015625,3399.869140625,736.9777221679688
2015-10-02,799.1541137695312,1820.30126953125,2996.242919921875,2361.97314453125,3258.5537109375,778.20751953125,3120.068359375,3131.218505859375,3330.50244140625,737.9324951171875
2015-10-05,805.5327758789062,1832.3812255859373,2975.2607421875,2408.841552734375,3323.355224609375,807.6214599609375,3176.66357421875,3138.929931640625,3374.96826171875,757.2879638671875
2015-10-06,830.13623046875,1807.7572021484373,3017.22509765625,2437.611572265625,3249.296630859375,827.7909545898438,3200.3974609375,3162.067626953125,3317.162353515625,759.8050537109375
2015-10-07,853.8284301757812,1834.239501953125,3075.975341796875,2389.3515625,3128.95263671875,877.3743286132812,3147.452880859375,3200.629638671875,3308.269287109375,785.1490478515625
2015-10-08,867.4968872070312,1702.7576904296875,3084.367919921875,2322.065185546875,3054.894775390625,877.3743286132812,3061.64697265625,3239.191162109375,3241.570068359375,774.9940795898438
2015-10-09,893.011474609375,1725.9879150390625,3046.60009765625,2368.93310546875,3105.809326171875,908.4691162109376,3060.734130859375,3354.87646484375,3327.834228515625,806.8479614257812
2015-10-13,888.455322265625,1736.673583984375,3096.956787109375,2341.0908203125,3110.437744140625,876.533935546875,3162.058349609375,3378.013671875,3349.177978515625,807.889404296875
2015-10-14,853.8284301757812,1680.45703125,2979.457275390625,2316.49658203125,3003.9794921875,849.6412963867188,3126.458251953125,3316.3154296875,3338.506103515625,796.5194091796875
2015-10-15,885.7216186523438,1680.9215087890625,3042.40380859375,2345.267333984375,3073.408447265625,864.7684936523438,3141.9765625,3316.3154296875,3253.131591796875,688.0253295898438
2015-10-16,899.3901977539062,1700.4345703125,3096.956787109375,2375.43017578125,3041.008056640625,869.8106689453125,3199.484619140625,3385.725830078125,3326.945068359375,692.7990112304688
2015-10-19,880.2542114257812,1685.567626953125,3042.40380859375,2385.638916015625,2990.09375,851.3220825195312,3199.484619140625,3362.58837890625,3272.696533203125,633.604736328125
2015-10-20,895.7452392578125,1665.1251220703125,3046.60009765625,2369.861083984375,3027.122314453125,853.0029296875,3175.751220703125,3324.027099609375,3208.6650390625,608.000244140625
2015-10-21,902.1239624023438,1677.20458984375,3126.331787109375,2390.743408203125,3110.437744140625,889.980224609375,3219.56689453125,3339.45166015625,3279.810546875,643.4994506835938
2015-10-22,904.857666015625,1657.6917724609375,3168.29638671875,2419.97802734375,3161.3525390625,879.8955688476562,3240.5625,3347.164306640625,3355.403076171875,638.204833984375
2015-10-23,922.1710815429688,1651.6517333984375,3180.885498046875,2491.90478515625,3235.410888671875,912.6710815429688,3242.387939453125,3362.58837890625,3401.648193359375,638.204833984375
2015-10-26,903.9463500976562,1660.4791259765625,3201.867919921875,2506.753662109375,3314.097412109375,926.9578247070312,3305.373779296875,3393.4384765625,3358.960205078125,666.413330078125
2015-10-27,883.899169921875,1678.5985107421875,3126.331787109375,2511.8583984375,3198.3818359375,899.2246704101562,3288.942626953125,3393.4384765625,3352.7353515625,666.5869140625
2015-10-28,882.9878540039062,1669.7711181640625,3092.760986328125,2499.793212890625,3258.5537109375,898.38427734375,3343.712646484375,3408.86279296875,3339.3955078125,672.7493896484375
2015-10-29,878.4317016601562,1657.22705078125,3113.74267578125,2496.544921875,3309.46875,914.3518676757812,3241.475341796875,3416.575927734375,3347.3994140625,636.9029541015625
2015-10-30,884.8103637695312,1671.6295166015625,2924.904052734375,2512.322265625,3508.499755859375,910.1497802734376,3307.19970703125,3416.575927734375,3332.281005859375,647.9258422851562
2015-11-02,862.029541015625,1636.7847900390625,2908.1181640625,2418.585693359375,3513.12841796875,886.6187744140625,3266.121826171875,3354.87646484375,3249.57373046875,630.5669555664062
2015-11-04,877.5205078125,1645.6116943359375,2945.88623046875,2465.918212890625,3536.271240234375,909.3094482421876,3291.680908203125,3324.027099609375,3263.803955078125,617.1136474609375
2015-11-05,882.07666015625,1666.0543212890625,2975.2607421875,2602.346435546875,3559.4150390625,919.394287109375,3372.0107421875,3347.164306640625,3403.4267578125,635.6010131835938
2015-11-06,870.2305908203125,1691.6072998046875,3017.22509765625,2558.262451171875,3587.18603515625,932.0001831054688,3387.528564453125,3362.58837890625,3414.98779296875,637.423828125
2015-11-09,914.8812255859376,1693.0013427734375,3059.189208984375,2574.96826171875,3684.3876953125,952.1697387695312,3427.693603515625,3431.999755859375,3394.533203125,655.3903198242188
2015-11-10,942.2182006835938,1689.284423828125,3063.3857421875,2593.0654296875,3596.444091796875,958.052490234375,3434.99609375,3424.28759765625,3389.197509765625,647.4920043945312
2015-11-11,934.9282836914062,1716.69580078125,3063.3857421875,2638.077880859375,3582.5576171875,947.9677734375,3456.904296875,3431.999755859375,3422.1025390625,652.6129150390625
2015-11-12,938.5733032226562,1730.1689453125,3063.3857421875,2630.188720703125,3545.529052734375,957.2120971679688,3437.73486328125,3385.725830078125,3411.430419921875,655.8243408203125
2015-11-13,917.6149291992188,1732.027587890625,3054.992919921875,2651.9990234375,3550.1572265625,959.7332763671876,3422.216552734375,3316.3154296875,3417.655517578125,648.7072143554688
2015-11-16,899.3901977539062,1717.6251220703125,3042.40380859375,2619.51611328125,3517.7568359375,954.69091796875,3303.5478515625,3324.027099609375,3443.446044921875,642.0239868164062
2015-11-17,904.857666015625,1740.3902587890625,3080.17138671875,2614.41162109375,3624.21533203125,964.775634765625,3311.763427734375,3331.7392578125,3423.881103515625,649.7485961914062
2015-11-18,964.087890625,1738.99658203125,3080.17138671875,2633.9013671875,3642.729736328125,974.8604125976562,3318.1533203125,3339.45166015625,3433.66357421875,649.05419921875
2015-11-19,1011.4721069335938,1768.730712890625,3105.35009765625,2649.21435546875,3679.758544921875,981.58349609375,3291.680908203125,3385.725830078125,3453.228271484375,661.2924194335938
2015-11-20,999.6261596679688,1793.8193359375,3096.956787109375,2646.894775390625,3739.931396484375,976.541259765625,3309.937744140625,3378.013671875,3462.121826171875,671.4473876953125
2015-11-24,1026.052001953125,1792.4254150390625,3134.72509765625,2624.156494140625,3855.64697265625,1009.316650390625,3301.72216796875,3362.58837890625,3440.778076171875,672.2286987304688
2015-11-25,1033.3419189453125,1780.3458251953125,3092.760986328125,2633.9013671875,3702.902587890625,1000.072265625,3245.126708984375,3354.87646484375,3443.446044921875,702.5202026367188
2015-11-26,1026.963134765625,1791.9608154296875,3105.35009765625,2643.18212890625,3619.587158203125,1001.7531127929688,3262.470458984375,3370.30078125,3464.789794921875,723.8717041015625
2015-11-27,1036.07568359375,1794.28369140625,3063.3857421875,2646.4306640625,3577.928955078125,980.7430419921876,3204.961669921875,3370.30078125,3451.44970703125,716.667724609375
2015-11-30,1018.7622680664062,1774.770751953125,3038.20751953125,2619.51611328125,3582.5576171875,1018.56103515625,3162.971435546875,3347.164306640625,3432.7744140625,730.902099609375
2015-12-01,1045.1881103515625,1791.0318603515625,3088.564208984375,2634.82958984375,3614.958251953125,1042.09228515625,3182.140869140625,3331.7392578125,3474.572265625,742.4458618164062
2015-12-02,1032.4306640625,1794.28369140625,3067.582763671875,2622.763916015625,3466.842041015625,1033.6881103515625,3209.526123046875,3347.164306640625,3462.121826171875,721.7886352539062
2015-12-03,1033.3419189453125,1797.5360107421875,3075.975341796875,2604.20263671875,3443.69873046875,1033.6881103515625,3174.838134765625,3354.87646484375,3510.1455078125,728.2115478515625
2015-12-04,1008.7385864257812,1765.4788818359375,3004.635986328125,2516.962646484375,3429.813232421875,1010.1570434570312,3128.28369140625,3331.7392578125,3493.24755859375,715.1922607421875
2015-12-07,1031.5194091796875,1808.221923828125,3042.40380859375,2536.453125,3462.213134765625,1063.10205078125,3131.022216796875,3339.45166015625,3540.38232421875,715.2789306640625
2015-12-08,1002.35986328125,1785.45654296875,3017.22509765625,2558.7265625,3439.070556640625,1031.1669921875,3202.2236328125,3331.7392578125,3520.81689453125,696.9651489257812
2015-12-09,1009.6497192382812,1744.1070556640625,2962.671875,2519.283203125,3346.497802734375,1025.2841796875,3169.361328125,3324.027099609375,3476.35107421875,689.3273315429688
2015-12-10,981.4014282226562,1699.5054931640625,2920.707763671875,2519.7470703125,3295.582763671875,1000.9126586914062,3167.53564453125,3300.8896484375,3476.35107421875,692.2783203125
2015-12-11,1001.4486083984376,1689.7489013671875,2912.31494140625,2507.68212890625,3341.869140625,1001.7531127929688,3200.3974609375,3285.465576171875,3507.47705078125,701.5654296875
2015-12-14,973.2005004882812,1691.6072998046875,2899.72509765625,2522.0673828125,3198.3818359375,991.6683349609376,3173.012939453125,3231.478515625,3488.801513671875,695.1425170898438
2015-12-15,950.41943359375,1637.7138671875,2870.35009765625,2462.2060546875,3115.066162109375,968.9776000976562,3150.19189453125,3169.779541015625,3402.537353515625,660.5980224609375
2015-12-16,969.5553588867188,1677.669189453125,2933.296630859375,2529.49169921875,3105.809326171875,980.7430419921876,3154.755859375,3270.040283203125,3478.12939453125,673.8777465820312
2015-12-17,968.64404296875,1722.7353515625,2987.850341796875,2589.353515625,3124.32373046875,997.55126953125,3196.746337890625,3293.177978515625,3551.0537109375,682.7307739257812
2015-12-18,950.41943359375,1701.8284912109375,2929.10009765625,2539.23681640625,3003.9794921875,964.775634765625,3144.715087890625,3262.327392578125,3438.999267578125,673.0966186523438
2015-12-21,934.9282836914062,1696.718017578125,2929.10009765625,2586.56884765625,2976.20751953125,966.4563598632812,3147.452880859375,3223.766357421875,3468.34716796875,688.0253295898438
2015-12-22,937.6619873046876,1710.19140625,2941.689453125,2575.89599609375,2939.178466796875,959.7332763671876,3199.484619140625,3216.0537109375,3414.98779296875,676.568359375
2015-12-24,926.727294921875,1696.2532958984375,2958.4755859375,2589.8173828125,2883.635009765625,954.69091796875,3138.324951171875,3223.766357421875,3411.430419921875,679.1723022460938
2015-12-25,926.727294921875,1696.2532958984375,2958.4755859375,2589.8173828125,2883.635009765625,954.69091796875,3138.324951171875,3223.766357421875,3411.430419921875,679.1723022460938
2015-12-28,927.6384887695312,1704.1517333984375,2958.475341796875,2625.548583984375,2929.921142578125,967.2966918945312,3150.19189453125,3278.406494140625,3370.2421875,721.007568359375
2015-12-29,935.839599609375,1726.9168701171875,2992.48046875,2655.7109375,3027.122314453125,974.8604125976562,3185.792236328125,3333.047119140625,3382.778076171875,719.0980224609375
2015-12-30,922.1710815429688,1735.744384765625,2958.475341796875,2672.4169921875,3068.780517578125,978.2218017578124,3194.920654296875,3301.822998046875,3401.5810546875,714.2376098632812
2016-01-04,867.4968872070312,1679.9923095703125,2873.461669921875,2583.321044921875,2943.80712890625,974.02001953125,3078.077880859375,3278.406494140625,3312.937744140625,713.0223999023438
2016-01-05,890.2777709960938,1677.669189453125,2911.7177734375,2526.70751953125,2902.14990234375,957.2120971679688,3077.165283203125,3301.822998046875,3342.4853515625,737.1514282226562
2016-01-06,874.7868041992188,1693.0013427734375,2924.4697265625,2508.146240234375,2809.577392578125,938.7232666015624,3069.862548828125,3254.98876953125,3358.6025390625,721.6150512695312
2016-01-07,852.005859375,1677.669189453125,2813.951904296875,2477.9833984375,2686.45556640625,914.3518676757812,3030.610595703125,3231.572265625,3372.928466796875,701.8257446289062
2016-01-08,869.3194580078125,1653.51025390625,2822.45361328125,2484.015625,2670.717529296875,937.8829345703124,3005.051025390625,3208.15478515625,3374.719482421875,686.6366577148438
2016-01-12,865.6744384765625,1488.577392578125,2711.93603515625,2456.173095703125,2597.58642578125,895.8630981445312,2925.634765625,3137.9033203125,3263.69091796875,663.0283203125
2016-01-13,902.1239624023438,1479.7498779296875,2796.94970703125,2501.18505859375,2704.04443359375,927.7982177734376,3041.564453125,3169.12646484375,3305.7744140625,689.8480834960938
2016-01-14,882.9878540039062,1415.6351318359375,2750.192138671875,2420.442138671875,2565.185791015625,899.2246704101562,3021.48193359375,3130.09765625,3218.922119140625,666.8472900390625
2016-01-15,873.8756103515625,1454.661376953125,2779.946533203125,2440.860107421875,2523.52783203125,901.7457885742188,3076.252197265625,3122.29150390625,3218.026611328125,662.4207763671875
2016-01-18,861.1182861328125,1431.431640625,2745.941162109375,2420.442138671875,2500.38427734375,885.7783813476562,3068.036865234375,3098.874755859375,3164.3037109375,656.4319458007812
2016-01-19,891.18896484375,1412.84765625,2788.447998046875,2389.3515625,2542.9677734375,899.2246704101562,3061.64697265625,3098.874755859375,3121.32421875,655.7376098632812
2016-01-20,850.1834106445312,1368.710693359375,2711.93603515625,2328.097900390625,2412.4404296875,863.927978515625,2936.58837890625,3059.84619140625,3055.9609375,623.0157470703125
2016-01-21,844.7160034179688,1339.44091796875,2847.95751953125,2253.386962890625,2373.559814453125,848.8009033203125,2913.767578125,2934.9541015625,2943.141845703125,604.6151733398438
2016-01-22,890.2777709960938,1422.1395263671875,2988.22998046875,2342.947265625,2560.55712890625,909.3094482421876,3060.734130859375,3028.623046875,3104.312255859375,633.8651733398438
2016-01-25,895.7452392578125,1450.9447021484375,3000.982177734375,2397.70361328125,2563.333984375,912.6710815429688,3133.760986328125,3091.06884765625,3157.14013671875,655.5640258789062
2016-01-26,859.2957763671875,1416.564453125,2962.725830078125,2368.469482421875,2510.567626953125,882.4166259765625,3098.16015625,3028.623046875,3127.59228515625,638.7256469726562
2016-01-27,883.899169921875,1434.2191162109375,3030.737060546875,2444.57275390625,2475.389892578125,926.1173706054688,3142.888916015625,3122.29150390625,3217.131103515625,659.8168334960938
2016-01-28,1002.35986328125,1435.6129150390625,3030.737060546875,2488.1923828125,2044.001953125,910.9901123046876,3148.3662109375,3122.29150390625,3261.900390625,651.7449340820312
2016-01-29,1006.9160766601562,1483.931396484375,3090.246337890625,2632.509521484375,2164.346435546875,942.0848388671876,3204.049072265625,3130.09765625,3435.60595703125,671.62109375
